<?xml version="1.0" encoding="UTF-8"?>
<GenRun Id="synth_1" LaunchPart="xc7a100tcsg324-2" LaunchTime="1607138285">
  <File Type="PA-TCL" Name="ContadorModuloM_tb.tcl"/>
  <File Type="RDS-PROPCONSTRS" Name="ContadorModuloM_tb_drc_synth.rpt"/>
  <File Type="REPORTS-TCL" Name="ContadorModuloM_tb_reports.tcl"/>
  <File Type="RDS-RDS" Name="ContadorModuloM_tb.vds"/>
  <File Type="RDS-UTIL" Name="ContadorModuloM_tb_utilization_synth.rpt"/>
  <File Type="RDS-UTIL-PB" Name="ContadorModuloM_tb_utilization_synth.pb"/>
  <File Type="RDS-DCP" Name="ContadorModuloM_tb.dcp"/>
  <File Type="VDS-TIMINGSUMMARY" Name="ContadorModuloM_tb_timing_summary_synth.rpt"/>
  <File Type="VDS-TIMING-PB" Name="ContadorModuloM_tb_timing_summary_synth.pb"/>
  <FileSet Name="sources" Type="DesignSrcs" RelSrcDir="$PSRCDIR/sources_1">
    <Filter Type="Srcs"/>
    <File Path="$PSRCDIR/sources_1/new/ContadorModuloM.vhd">
      <FileInfo>
        <Attr Name="UsedIn" Val="synthesis"/>
        <Attr Name="UsedIn" Val="simulation"/>
      </FileInfo>
    </File>
    <File Path="$PSRCDIR/sources_1/new/ContadorModuloM_tb.vhd">
      <FileInfo>
        <Attr Name="UsedIn" Val="synthesis"/>
        <Attr Name="UsedIn" Val="simulation"/>
      </FileInfo>
    </File>
    <Config>
      <Option Name="DesignMode" Val="RTL"/>
      <Option Name="TopModule" Val="ContadorModuloM_tb"/>
      <Option Name="TopAutoSet" Val="TRUE"/>
    </Config>
  </FileSet>
  <FileSet Name="constrs_in" Type="Constrs" RelSrcDir="$PSRCDIR/constrs_1">
    <Filter Type="Constrs"/>
    <Config>
      <Option Name="ConstrsType" Val="XDC"/>
    </Config>
  </FileSet>
  <FileSet Name="utils" Type="Utils" RelSrcDir="$PSRCDIR/utils_1">
    <Filter Type="Utils"/>
    <Config>
      <Option Name="TopAutoSet" Val="TRUE"/>
    </Config>
  </FileSet>
  <Strategy Version="1" Minor="2">
    <StratHandle Name="Vivado Synthesis Defaults" Flow="Vivado Synthesis 2020"/>
    <Step Id="synth_design"/>
  </Strategy>
</GenRun>
