<?xml version="1.0" encoding="UTF-8"?>
<GenRun Id="synth_1" LaunchPart="xc7a100tcsg324-2" LaunchTime="1622155976">
  <File Type="PA-TCL" Name="sumador_completo_tb.tcl"/>
  <File Type="RDS-PROPCONSTRS" Name="sumador_completo_tb_drc_synth.rpt"/>
  <File Type="REPORTS-TCL" Name="sumador_completo_tb_reports.tcl"/>
  <File Type="RDS-RDS" Name="sumador_completo_tb.vds"/>
  <File Type="RDS-UTIL" Name="sumador_completo_tb_utilization_synth.rpt"/>
  <File Type="RDS-UTIL-PB" Name="sumador_completo_tb_utilization_synth.pb"/>
  <File Type="RDS-DCP" Name="sumador_completo_tb.dcp"/>
  <File Type="VDS-TIMINGSUMMARY" Name="sumador_completo_tb_timing_summary_synth.rpt"/>
  <File Type="VDS-TIMING-PB" Name="sumador_completo_tb_timing_summary_synth.pb"/>
  <FileSet Name="sources" Type="DesignSrcs" RelSrcDir="$PSRCDIR/sources_1">
    <Filter Type="Srcs"/>
    <File Path="$PSRCDIR/sources_1/new/sumador_completo.vhd">
      <FileInfo>
        <Attr Name="ImportPath" Val="$PSRCDIR/sources_1/new/sumador_completo.vhd"/>
        <Attr Name="ImportTime" Val="1622155923"/>
        <Attr Name="UsedIn" Val="synthesis"/>
        <Attr Name="UsedIn" Val="simulation"/>
      </FileInfo>
    </File>
    <File Path="$PSRCDIR/sources_1/new/sumador_completo_tb.vhd">
      <FileInfo>
        <Attr Name="ImportPath" Val="$PSRCDIR/sources_1/new/sumador_completo_tb.vhd"/>
        <Attr Name="ImportTime" Val="1622155942"/>
        <Attr Name="UsedIn" Val="synthesis"/>
        <Attr Name="UsedIn" Val="simulation"/>
      </FileInfo>
    </File>
    <Config>
      <Option Name="DesignMode" Val="RTL"/>
      <Option Name="TopModule" Val="sumador_completo_tb"/>
      <Option Name="TopAutoSet" Val="TRUE"/>
    </Config>
  </FileSet>
  <FileSet Name="constrs_in" Type="Constrs" RelSrcDir="$PSRCDIR/constrs_1">
    <Filter Type="Constrs"/>
    <Config>
      <Option Name="ConstrsType" Val="XDC"/>
    </Config>
  </FileSet>
  <FileSet Name="utils" Type="Utils" RelSrcDir="$PSRCDIR/utils_1">
    <Filter Type="Utils"/>
    <Config>
      <Option Name="TopAutoSet" Val="TRUE"/>
    </Config>
  </FileSet>
  <Strategy Version="1" Minor="2">
    <StratHandle Name="Vivado Synthesis Defaults" Flow="Vivado Synthesis 2020"/>
    <Step Id="synth_design"/>
  </Strategy>
</GenRun>
