<?xml version="1.0" encoding="UTF-8"?>
<GenRun Id="synth_1" LaunchPart="xc7a100tcsg324-2" LaunchTime="1622163958">
  <File Type="PA-TCL" Name="tb_ALU.tcl"/>
  <File Type="RDS-PROPCONSTRS" Name="tb_ALU_drc_synth.rpt"/>
  <File Type="REPORTS-TCL" Name="tb_ALU_reports.tcl"/>
  <File Type="RDS-RDS" Name="tb_ALU.vds"/>
  <File Type="RDS-UTIL" Name="tb_ALU_utilization_synth.rpt"/>
  <File Type="RDS-UTIL-PB" Name="tb_ALU_utilization_synth.pb"/>
  <File Type="RDS-DCP" Name="tb_ALU.dcp"/>
  <File Type="VDS-TIMINGSUMMARY" Name="tb_ALU_timing_summary_synth.rpt"/>
  <File Type="VDS-TIMING-PB" Name="tb_ALU_timing_summary_synth.pb"/>
  <FileSet Name="sources" Type="DesignSrcs" RelSrcDir="$PSRCDIR/sources_1">
    <Filter Type="Srcs"/>
    <File Path="$PSRCDIR/sources_1/new/ALU.vhd">
      <FileInfo>
        <Attr Name="UsedIn" Val="synthesis"/>
        <Attr Name="UsedIn" Val="simulation"/>
      </FileInfo>
    </File>
    <File Path="$PSRCDIR/sources_1/new/ALU_tb.vhd">
      <FileInfo>
        <Attr Name="UsedIn" Val="synthesis"/>
        <Attr Name="UsedIn" Val="simulation"/>
      </FileInfo>
    </File>
    <Config>
      <Option Name="DesignMode" Val="RTL"/>
      <Option Name="TopModule" Val="tb_ALU"/>
      <Option Name="TopAutoSet" Val="TRUE"/>
    </Config>
  </FileSet>
  <FileSet Name="constrs_in" Type="Constrs" RelSrcDir="$PSRCDIR/constrs_1">
    <Filter Type="Constrs"/>
    <Config>
      <Option Name="ConstrsType" Val="XDC"/>
    </Config>
  </FileSet>
  <FileSet Name="utils" Type="Utils" RelSrcDir="$PSRCDIR/utils_1">
    <Filter Type="Utils"/>
    <Config>
      <Option Name="TopAutoSet" Val="TRUE"/>
    </Config>
  </FileSet>
  <Strategy Version="1" Minor="2">
    <StratHandle Name="Vivado Synthesis Defaults" Flow="Vivado Synthesis 2020"/>
    <Step Id="synth_design"/>
  </Strategy>
</GenRun>
